{"stat.drop.minecraft.stone_pickaxe":1,"stat.cakeSlicesEaten":1,"stat.useItem.minecraft.iron_axe":2,"stat.leaveGame":21,"stat.mineBlock.minecraft.cobblestone":1,"stat.pickup.minecraft.stone_pickaxe":3,"stat.craftItem.minecraft.iron_axe":1,"stat.pickup.umm3185118519.copper_ore":24,"stat.craftItem.divinerpg.skeleton_torch":4,"stat.swimOneCm":15468,"stat.useItem.minecraft.planks":10,"stat.climbOneCm":497,"stat.pickup.spartanshields.shield_basic_iron":1,"stat.useItem.minecraft.cookie":1,"stat.useItem.minecraft.stone_slab2":4,"stat.pickup.minecraft.iron_boots":1,"stat.mineBlock.minecraft.stone_brick_stairs":2,"stat.useItem.minecraft.egg":1,"stat.craftItem.minecraft.stone_axe":1,"stat.craftItem.minecraft.stone_pickaxe":1,"stat.mineBlock.umm3185118519.copper_ore":16,"stat.pickup.minecraft.cobblestone":35,"stat.mineBlock.treasure2.crate_chest_moldy":1,"stat.pickup.futuremc.sweet_berries":1,"stat.craftItem.minecraft.stone_sword":1,"stat.flyOneCm":30674,"stat.pickup.minecraft.glass_bottle":1,"stat.mineBlock.minecraft.emerald_block":2,"stat.useItem.minecraft.cooked_beef":7,"stat.pickup.treasure2.iron_lock":1,"stat.pickup.treasure2.gravestone3_obsidian":2,"stat.mineBlock.minecraft.iron_ore":43,"stat.timeSinceDeath":172847,"stat.craftItem.spartanshields.shield_basic_wood":2,"stat.hopperInspected":1,"stat.pickup.umm3185118519.amber_ore":11,"stat.useItem.minecraft.iron_pickaxe":30,"stat.craftItem.minecraft.wooden_pickaxe":1,"stat.mineBlock.divinerpg.asphalt":12,"stat.craftItem.minecraft.bed":2,"stat.mineBlock.chisel.marble2":2,"stat.pickup.minecraft.stonebrick":2,"stat.furnaceInteraction":1,"stat.mineBlock.minecraft.coal_ore":32,"stat.pickup.minecraft.string":6,"stat.craftItem.minecraft.stone_slab2":0,"stat.sprintOneCm":52214,"stat.pickup.minecraft.paper":2,"stat.pickup.minecraft.iron_chestplate":2,"stat.craftItem.minecraft.stick":16,"stat.craftItem.minecraft.wooden_axe":1,"stat.mineBlock.biomesoplenty.grass":1,"stat.pickup.minecraft.bone_block":1,"stat.pickup.treasure2.charm_book":1,"stat.pickup.minecraft.potion":1,"stat.pickup.tombstone.scroll_buff":1,"stat.mineBlock.minecraft.crafting_table":3,"stat.pickup.minecraft.saddle":1,"stat.pickup.minecraft.sugar":2,"stat.drop":5,"stat.pickup.minecraft.egg":1,"stat.playOneMinute":172847,"stat.craftItem.minecraft.iron_pickaxe":1,"stat.mineBlock.treasure2.gravestone3_spawner_obsidian":1,"stat.useItem.minecraft.shears":1,"stat.killEntity.Zombie":1,"stat.drop.minecraft.glass_bottle":2,"stat.pickup.chisel.marble2":4,"stat.mineBlock.minecraft.tallgrass":1,"stat.diveOneCm":19743,"stat.pickup.heroicarmory.lozbokostick":1,"stat.chestOpened":14,"stat.useItem.minecraft.splash_potion":1,"stat.pickup.minecraft.arrow":1,"stat.useItem.minecraft.potion":1,"stat.drop.spartanshields.shield_basic_wood":1,"stat.jump":638,"stat.pickup.minecraft.coal":96,"stat.pickup.minecraft.iron_helmet":1,"stat.fallOneCm":9139,"stat.pickup.minecraft.iron_ingot":15,"stat.pickup.minecraft.carrot":5,"stat.useItem.minecraft.stone_axe":2,"stat.pickup.minecraft.melon_seeds":7,"stat.pickup.treasure2.silver_coin":1,"stat.pickup.minecraft.gunpowder":9,"stat.crouchOneCm":7609,"stat.pickup.minecraft.spider_eye":2,"stat.craftItem.minecraft.iron_ingot":18,"stat.pickup.divinerpg.skeleton_torch":2,"stat.pickup.minecraft.dirt":3,"stat.craftingTableInteraction":11,"stat.pickup.minecraft.iron_ore":43,"stat.pickup.divinerpg.asphalt":11,"stat.boatOneCm":97433,"stat.pickup.treasure2.crate_chest_moldy":1,"stat.pickup.treasure2.iron_key":2,"stat.pickup.minecraft.cookie":1,"stat.pickup.treasure2.stone_key":1,"stat.mineBlock.minecraft.log2":78,"stat.damageTaken":650,"stat.pickup.minecraft.record_cat":2,"stat.useItem.minecraft.wooden_pickaxe":15,"stat.pickup.minecraft.log2":74,"stat.mineBlock.biomesoplenty.plant_0":1,"stat.pickup.treasure2.copper_coin":4,"stat.pickup.minecraft.iron_leggings":1,"stat.mineBlock.divinerpg.skeleton_torch":2,"stat.pickup.biomesoplenty.plant_1":2,"stat.pickup.minecraft.bed":1,"tombstone:undead_killed":5,"stat.pickup.minecraft.emerald_block":2,"stat.pickup.minecraft.lead":2,"stat.useItem.minecraft.stone_pickaxe":131,"stat.damageDealt":267,"stat.killEntity.bound_soul":1,"stat.sleepInBed":3,"stat.mineBlock.minecraft.dirt":3,"stat.useItem.minecraft.crafting_table":2,"stat.craftItem.minecraft.iron_sword":1,"stat.mineBlock.umm3185118519.aquamarine_ore":6,"stat.walkOneCm":478418,"stat.pickup.umm3185118519.aquamarine_ore":6,"stat.pickup.minecraft.crafting_table":3,"stat.craftItem.minecraft.crafting_table":1,"stat.pickup.treasure2.amethyst_charm":2,"stat.mineBlock.minecraft.double_plant":1,"stat.pickup.treasure2.ember_key":1,"stat.drop.treasure2.silver_coin":1,"stat.mineBlock.umm3185118519.amber_ore":11,"stat.pickup.futuremc.blast_furnace":1,"stat.pickup.minecraft.sapling":16,"stat.pickup.minecraft.cooked_beef":1,"stat.pickup.minecraft.apple":1,"stat.killEntity.Skeleton":3,"stat.mineBlock.minecraft.stonebrick":8,"stat.craftItem.minecraft.planks":48,"stat.useItem.minecraft.iron_sword":25,"stat.pickup.futuremc.cornflower":2,"stat.killEntity.Spider":1,"stat.useItem.divinerpg.skeleton_torch":2,"stat.mobKills":4,"stat.craftItem.minecraft.shears":1,"stat.pickup.minecraft.beetroot_seeds":2,"stat.mineBlock.minecraft.leaves":3,"stat.pickup.biomesoplenty.dirt":1,"stat.pickup.minecraft.torch":1,"stat.pickup.minecraft.red_flower":1,"stat.sneakTime":3362,"stat.pickup.minecraft.wool":13,"stat.mineBlock.minecraft.bone_block":1,"stat.useItem.minecraft.wooden_axe":1,"stat.mineBlock.minecraft.stone":35}