{"stat.useItem.minecraft.bow":9,"stat.useItem.forbidden_arcanus.cherrywood_planks":3,"stat.leaveGame":35,"stat.craftItem.minecraft.iron_axe":1,"stat.useItem.minecraft.planks":10,"stat.pickup.treasure2.falling_grass":1,"stat.pickup.spartanshields.shield_basic_wood":2,"stat.mineBlock.divinerpg.realmite_ore":6,"stat.useItem.minecraft.water_bucket":11,"stat.drop.minecraft.iron_sword":1,"stat.mineBlock.minecraft.stone_brick_stairs":1,"stat.pickup.exoticbirds.eggshell":2,"stat.craftItem.minecraft.stone_axe":1,"stat.mineBlock.umm3185118519.copper_ore":5,"stat.craftItem.minecraft.stone_sword":1,"stat.entityKilledBy.artifacts.mimic":1,"stat.pickup.betteranimalsplus.trillium":1,"stat.pickup.biomesoplenty.mushroom":2,"stat.pickup.treasure2.iron_lock":2,"stat.hopperInspected":1,"stat.useItem.minecraft.iron_pickaxe":243,"stat.craftItem.minecraft.wooden_pickaxe":1,"stat.mineBlock.divinerpg.asphalt":1,"stat.pickup.treasure2.gold_key":1,"stat.mineBlock.minecraft.vine":1,"stat.mineBlock.chisel.marble2":7,"stat.furnaceInteraction":14,"stat.mineBlock.futuremc.cornflower":3,"stat.drop.minecraft.red_flower":1,"stat.pickup.minecraft.beef":3,"stat.pickup.minecraft.furnace":3,"stat.pickup.exoticbirds.pigeon_egg":1,"stat.pickup.biomesoplenty.flower_1":2,"stat.pickup.biomesoplenty.flower_0":4,"stat.pickup.treasure2.wood_chest":1,"stat.deaths":4,"stat.craftItem.futuremc.blast_furnace":1,"stat.pickup.minecraft.egg":1,"stat.playOneMinute":251900,"stat.craftItem.minecraft.iron_pickaxe":1,"stat.drop.exoticbirds.cardinal_egg":2,"stat.pickup.minecraft.iron_bars":8,"stat.pickup.chisel.marble2":7,"stat.mineBlock.minecraft.tallgrass":34,"stat.chestOpened":15,"stat.craftItem.futuremc.smoker":1,"stat.pickup.minecraft.arrow":14,"stat.pickup.minecraft.iron_sword":1,"stat.fallOneCm":15424,"stat.crouchOneCm":3932,"stat.craftItem.minecraft.iron_ingot":79,"stat.craftItem.minecraft.chest":1,"stat.craftingTableInteraction":28,"stat.pickup.treasure2.crate_chest_moldy":1,"stat.mineBlock.minecraft.log2":39,"stat.pickup.minecraft.feather":1,"stat.pickup.forbidden_arcanus.edelwood_log":2,"stat.mineBlock.biomesoplenty.plant_0":12,"stat.pickup.minecraft.planks":2,"stat.pickup.chisel.limestone2":1,"stat.pickup.minecraft.wheat_seeds":8,"stat.mineBlock.minecraft.gravel":2,"stat.useItem.minecraft.stone_pickaxe":112,"stat.useItem.minecraft.stone_sword":2,"stat.craftItem.minecraft.iron_leggings":2,"stat.drop.treasure2.iron_lock":1,"stat.mineBlock.minecraft.dirt":21,"stat.mineBlock.umm3185118519.aquamarine_ore":9,"stat.mineBlock.biomesoplenty.leaves_4":3,"stat.useItem.minecraft.torch":75,"stat.pickup.umm3185118519.aquamarine_ore":9,"stat.pickup.minecraft.crafting_table":1,"stat.useItem.minecraft.cobblestone":21,"stat.craftItem.minecraft.crafting_table":3,"stat.mineBlock.treasure2.wood_chest":1,"stat.mineBlock.minecraft.double_plant":2,"stat.craftItem.minecraft.boat":1,"stat.pickup.minecraft.log":12,"stat.pickup.umm3185118519.ruby":6,"stat.mineBlock.exoticbirds.nest":1,"stat.pickup.minecraft.chicken":1,"stat.pickup.minecraft.sapling":11,"stat.useItem.exoticbirds.cardinal_egg":1,"stat.pickup.minecraft.apple":2,"stat.mineBlock.forbidden_arcanus.cherrywood_log":1,"stat.craftItem.minecraft.bucket":1,"stat.craftItem.minecraft.planks":108,"stat.useItem.minecraft.iron_sword":64,"stat.pickup.futuremc.cornflower":2,"stat.useItem.minecraft.stonebrick":3,"stat.mineBlock.minecraft.log":12,"stat.pickup.biomesoplenty.dirt":1,"stat.pickup.minecraft.red_flower":1,"stat.sneakTime":2963,"stat.useItem.minecraft.wooden_axe":8,"stat.cakeSlicesEaten":3,"stat.pickup.minecraft.bone":9,"stat.craftItem.umm3185118519.ruby_sword":1,"stat.useItem.minecraft.iron_axe":3,"stat.pickup.minecraft.flint":1,"stat.pickup.umm3185118519.copper_ore":5,"stat.useItem.mowziesmobs.glowing_jelly":1,"stat.swimOneCm":28347,"stat.climbOneCm":5092,"stat.pickup.minecraft.enchanted_book":1,"stat.pickup.minecraft.cooked_porkchop":1,"stat.useItem.minecraft.dirt":7,"stat.useItem.minecraft.stone_slab2":45,"stat.pickup.minecraft.bow":1,"stat.craftItem.minecraft.furnace":2,"stat.drop.treasure2.copper_coin":2,"stat.useItem.minecraft.egg":1,"stat.pickup.forbidden_arcanus.cherrywood_log":1,"stat.craftItem.spartanshields.shield_basic_iron":2,"stat.craftItem.minecraft.iron_boots":2,"stat.craftItem.futuremc.smooth_stone":3,"stat.pickup.exoticbirds.cardinal_egg":3,"stat.craftItem.minecraft.stone_pickaxe":1,"stat.craftItem.minecraft.cooked_beef":3,"stat.killEntity.betteranimalsplus.crab":1,"stat.pickup.minecraft.cobblestone":98,"stat.pickup.exoticbirds.budgie_egg":1,"stat.mineBlock.chisel.limestone2":2,"stat.flyOneCm":35945,"stat.drop.minecraft.wheat_seeds":1,"stat.pickup.mowziesmobs.glowing_jelly":1,"stat.useItem.minecraft.cooked_beef":2,"stat.drop.heroicarmory.lozbokostick":1,"stat.mineBlock.minecraft.iron_ore":68,"stat.timeSinceDeath":4870,"stat.pickup.umm3185118519.amber_ore":14,"stat.pickup.futuremc.smoker":1,"stat.mineBlock.forbidden_arcanus.edelwood_log":1,"stat.pickup.exoticbirds.peafowl_egg":1,"stat.pickup.minecraft.stonebrick":14,"stat.useItem.minecraft.cooked_porkchop":1,"stat.drop.exoticbirds.parrot_egg":1,"stat.mineBlock.minecraft.coal_ore":89,"stat.killEntity.Creeper":1,"stat.pickup.minecraft.string":2,"stat.pickup.tombstone.crafting_ingredient":2,"stat.entityKilledBy.Skeleton":2,"stat.mineBlock.futuremc.blast_furnace":1,"stat.sprintOneCm":108981,"stat.mineBlock.biomesoplenty.flower_1":1,"stat.mineBlock.biomesoplenty.flower_0":2,"stat.craftItem.minecraft.stick":56,"stat.craftItem.minecraft.wooden_axe":1,"stat.mineBlock.biomesoplenty.grass":2,"stat.useItem.exoticbirds.peafowl_egg":1,"stat.craftItem.minecraft.stone":5,"stat.mineBlock.biomesoplenty.mushroom":2,"stat.mineBlock.minecraft.crafting_table":1,"stat.craftItem.forbidden_arcanus.cherrywood_planks":4,"stat.mineBlock.minecraft.quartz_block":2,"stat.killEntity.betteranimalsplus.squirrel":1,"stat.mineBlock.minecraft.planks":1,"stat.drop":15,"stat.killEntity.Zombie":3,"stat.craftItem.minecraft.dye":2,"stat.diveOneCm":67414,"stat.pickup.minecraft.wheat":4,"stat.pickup.minecraft.gravel":1,"stat.drop.exoticbirds.magpie_egg":2,"stat.pickup.minecraft.stone_brick_stairs":2,"stat.jump":1107,"stat.pickup.minecraft.coal":121,"stat.pickup.minecraft.iron_ingot":5,"stat.pickup.minecraft.spider_eye":1,"stat.craftItem.minecraft.torch":108,"stat.pickup.minecraft.dirt":24,"stat.craftItem.minecraft.iron_helmet":2,"stat.pickup.divinerpg.realmite_ore":6,"stat.drop.minecraft.bed":1,"stat.useItem.minecraft.cooked_chicken":10,"stat.pickup.minecraft.iron_ore":102,"stat.pickup.divinerpg.asphalt":1,"stat.boatOneCm":138696,"stat.mineBlock.minecraft.iron_bars":8,"stat.damageTaken":1857,"stat.pickup.minecraft.leather":1,"stat.mineBlock.minecraft.red_flower":1,"stat.mineBlock.minecraft.furnace":3,"stat.mineBlock.minecraft.torch":10,"stat.useItem.minecraft.wooden_pickaxe":9,"stat.pickup.minecraft.log2":22,"stat.pickup.minecraft.bed":5,"tombstone:undead_killed":6,"stat.damageDealt":2343,"stat.killEntity.bound_soul":2,"stat.sleepInBed":4,"stat.killEntity.Cow":1,"stat.craftItem.minecraft.iron_sword":1,"stat.pickup.minecraft.boat":1,"stat.walkOneCm":721720,"stat.animalsBred":1,"stat.pickup.minecraft.stick":3,"stat.pickup.biomesoplenty.sapling_2":1,"stat.killEntity.betteranimalsplus.feralwolf":1,"stat.mineBlock.umm3185118519.amber_ore":14,"stat.mineBlock.futuremc.smoker":1,"stat.useItem.tombstone.gift":2,"stat.drop.minecraft.iron_chestplate":1,"stat.pickup.minecraft.stone":6,"stat.craftItem.minecraft.iron_chestplate":2,"stat.mineBlock.umm3185118519.ruby_ore":6,"stat.killEntity.Skeleton":1,"stat.pickup.exoticbirds.parrot_egg":2,"stat.mineBlock.minecraft.stonebrick":11,"stat.killEntity.Chicken":1,"stat.drop.minecraft.cookie":1,"stat.killEntity.Spider":3,"stat.mobKills":21,"stat.useItem.minecraft.boat":1,"stat.mineBlock.minecraft.leaves":35,"stat.pickup.minecraft.torch":10,"stat.pickup.exoticbirds.magpie_egg":6,"stat.mineBlock.minecraft.stone":112}